Add_material,What is the material in Add?
Add_container,What is the container in Add?
Add_temperature,What is the temperature in Add?
Stir_sample,What is the sample in Stir?
Stir_temperature,What is the temperature in Stir?
Stir_revolution,What is the revolution in Stir?
Stir_duration,What is the duration in Stir?
Age_duration,What is the duration in Age?
Age_temperature,What is the temperature in Age?
Age_revolution,What is the revolution in Age?
Age_pressure,What is the pressure in Age?
Wash_sample,What is the sample in Wash?
Wash_solvent,What is the solvent in Wash?
Wash_times,What is the times in Wash?
Dry_sample,What is the sample in Dry?
Dry_container,What is the container in Dry?
Dry_temperature,What is the temperature in Dry?
Dry_duration,What is the duration in Dry?
Dry_condition,What is the condition in Dry?
Calcine_sample,What is the sample in Calcine?
Calcine_container,What is the container in Calcine?
Calcine_temperature,What is the temperature in Calcine?
Calcine_duration,What is the duration in Calcine?
Calcine_condition,What is the condition in Calcine?
Particle.Recovery_material,What is the material in Particle.Recovery?
Particle.Recovery_duration,What is the duration in Particle.Recovery?
Particle.Recovery_revolution,Where the revolution in Particle.Recovery?
Set.PH_material,What is the material in Set.PH?
Set.PH_PH,What is the PH in Set.PH?
Cool_sample,What is the sample in Cool?
Cool_container,What is the container in Cool?
Cool_temperature,What is the temperature in Cool?
Cool_duration,What is the duration in Cool?
Cool_condition,What is the condition in Cool?
Heat_sample,What is the sample in Heat?
Heat_container,What is the container in Heat?
Heat_rate,What is the rate in Heat?
Heat_temperature,What is the temperature in Heat?
Heat_duration,What is the duration in Heat?
Heat_revolution,What is the revolution in Heat?
Heat_pressure,What is the pressure in Heat?
Crystallize_container,What is the container in Crystallize?
Crystallize_temperature,What is the temperature in Crystallize?
Crystallize_duration,What is the duration in Crystallize?
Crystallize_revolution,What is the revolution in Crystallize?
Crystallize_revolutiontext,What is the revolutiontext in Crystallize?
Crystallize_pressure,What is the pressure in Crystallize?
Transfer_sample,What is the sample in Transfer?
Transfer_container,What is the container in Transfer?
Seal_sample,What is the sample in Seal?
Seal_container,What is the container in Seal?
Sonicate_sample,What is the sample in Sonicate?
Sonicate_solvent,What is the solvent in Sonicate?
React_material,What is the material in React?
React_temperature,What is the temperature in React?
React_duration,What is the duration in React?
React_condition,What is the condition in React?
Rotate_sample,What is the sample in Rotate?
Rotate_container,What is the container in Rotate?
Rotate_temperature,What is the temperature in Rotate?
Rotate_duration,What is the duration in Rotate?
Rotate_revolution,What is the revolution in Rotate?